"","plotID","d15N","d13C","nitrogenPercent","carbonPercent","CNratio"
"1","ABBY_061",-0.1,-27.8571428571429,0.66,47.1385714285714,73.5
"2","ABBY_062",-1.73333333333333,-28.2166666666667,0.84,50.75,68.0833333333333
"3","ABBY_063",-2.21666666666667,-27.5333333333333,0.701666666666667,48.09,74.4
"4","ABBY_064",-2.11428571428571,-28.3142857142857,0.644285714285714,50.4528571428571,85.2428571428571
"5","ABBY_065",-1.28,-28.06,0.682,49.394,76.88
"6","ABBY_067",-1.3,-28.2142857142857,0.715714285714286,48.7542857142857,73.5142857142857
"7","ABBY_068",-0.5,-27.8166666666667,0.821666666666667,48.8766666666667,65.05
"8","ABBY_069",-1.4,-27.8833333333333,0.686666666666667,47.2666666666667,71.1833333333333
"9","ABBY_070",-0.842857142857143,-27.4714285714286,0.794285714285714,47.3542857142857,61.1142857142857
"10","ABBY_073",-1.7,-28.1833333333333,0.9,50.265,63.1666666666667
"11","ABBY_074",-0.885714285714286,-28.4714285714286,0.782857142857143,47.6885714285714,65.8428571428571
"12","ABBY_075",-1.63333333333333,-28.1666666666667,0.858333333333333,49.28,68.55
"13","ABBY_076",-1.6,-28.4333333333333,0.713333333333333,46.7183333333333,66.9166666666667
"14","BARR_051",3.9,-28.1333333333333,0.866666666666667,46.1666666666667,55.7333333333333
"15","BARR_052",2.75,-29.9,0.95,48.5,51.15
"16","BARR_053",0.9,-30.45,0.65,48.8,74.8
"17","BARR_054",2.65,-28.05,1.15,49.45,42.55
"18","BARR_055",4.5,-28.05,1.3,47.55,38.95
"19","BARR_056",2.85,-28.95,0.65,48.7,78.1
"20","BARR_057",-0.35,-29.9,0.65,47.15,77.3
"21","BARR_058",2.6,-27.6,0.8,48.15,61.85
"22","BARR_059",2.45,-28.95,0.9,48.45,57.45
"23","BARR_060",0.65,-28.65,0.75,48.95,67.05
"24","BARR_061",1.2,-28.8,0.9,49.7,52.9
"25","BARR_062",3.23333333333333,-28.7666666666667,0.766666666666667,47.5666666666667,62.6333333333333
"26","BARR_063",3.6,-27.7,1.2,49.7,42.3
"27","BARR_064",9.15,-29.05,1.3,49.9,38.15
"28","BARR_065",0.75,-29,0.8,49.05,66.6
"29","BARR_066",1.675,-29.025,0.625,48.1,80
"30","BARR_067",3.55,-29.45,0.7,47.7,70.75
"31","BARR_068",0.5,-28.1,1.1,50.9,47.35
"32","BARR_069",5.1,-28.5,1.2,50.2,41.3
"33","BARR_070",2.85,-29.7,0.7,47.85,68.35
"34","BARR_071",2.1,-28.15,0.95,48.35,49.25
"35","BARR_072",0.85,-29.25,0.6,48.85,89.45
"36","BARR_073",1.5,-28.4,0.9,49.9,57.6
"37","BARR_074",2.75,-30,0.85,48.6,58.45
"38","BARR_075",2.6,-27.5,0.95,49.7,51.25
"39","BARR_076",2.4,-29.55,0.75,48.6,66.3
"40","BARR_077",1.93333333333333,-29.3,0.7,49.2333333333333,77.8
"41","BARR_078",1.05,-28.55,0.6,49.25,86.6
"42","BARR_079",1.9,-27.65,0.9,50.1,59.1
"43","BARR_080",2.3,-27.5,1.1,51.4,46.6
"44","BART_032",-0.405882352941176,-29.1941176470588,0.694117647058824,49.6588235294118,80.3647058823529
"45","BART_033",-0.378571428571429,-28.35,0.828571428571429,50.5214285714286,70.9428571428572
"46","BART_034",-1.425,-28.10625,0.6875,51.05,87.50625
"47","BART_036",-1.24666666666667,-28.64,0.806666666666667,50.9866666666667,71.98
"48","BART_037",-0.671428571428571,-28.3214285714286,0.671428571428571,49.6785714285714,91.0642857142857
"49","BART_039",-0.5875,-28.2625,0.625,50.15625,95.20625
"50","BART_040",-0.242857142857143,-29.0285714285714,0.721428571428571,49.45,83.6857142857143
"51","BART_041",-0.346666666666667,-28.1,0.753333333333333,49.9866666666667,76.3933333333333
"52","BART_042",0.157142857142857,-28.0571428571429,0.842857142857143,48.8714285714286,66.9071428571429
"53","BART_044",-1.70625,-28.6,0.7125,50.08125,80.2625
"54","BART_046",-0.6,-28.25,0.714285714285714,50.35,83.6
"55","BART_047",-0.62,-28.9133333333333,0.7,50.0333333333333,83.8066666666667
"56","BART_050",-0.425,-28.21875,0.68125,49.90625,85.175
"57","BART_051",-0.742857142857143,-28.3642857142857,0.664285714285714,51.35,87.3214285714286
"58","BART_070",-0.628571428571429,-28.0357142857143,0.721428571428571,50.4571428571429,82.6714285714286
"59","BART_071",-0.14,-28.4,0.673333333333333,49.2933333333333,90.96
"60","BART_072",-0.528571428571429,-27.7428571428571,0.785714285714286,51.2714285714286,76.0785714285714
"61","BART_073",0.0142857142857143,-28.4142857142857,0.685714285714286,50.05,85.6714285714286
"62","BART_074",-0.347058823529412,-28.2647058823529,0.705882352941177,50.1588235294118,83.9176470588235
"63","BART_075",-0.635714285714286,-28.2214285714286,0.757142857142857,49.6928571428571,79.9714285714286
"64","BLAN_031",1.8,-24.4,1.11,43.72,39.3
"65","BLAN_032",0.866666666666667,-29.3666666666667,1.13333333333333,48.3166666666667,44.9666666666667
"66","BLAN_033",5.4,-15.3,1.83,42.715,23.6
"67","BLAN_034",2,-27.9,1.03,45.77,44.5
"68","BLAN_035",2.55,-28.7,1.81,43.79,24.85
"69","BLAN_036",0.2,-29.6,1.2675,49.8425,41.175
"70","BLAN_037",2.7,-27.8,1.13,46.9,41.7
"71","BLAN_038",1.36666666666667,-17.2,0.736666666666667,42.0166666666667,61
"72","BLAN_039",2.1,-26.3,1.13,45.41,40.3
"73","BLAN_040",3.2,-14,1.62,44.55,27.5
"74","BLAN_042",2.1,-23.9,0.97,42.7,44
"75","BLAN_043",3.43333333333333,-13.0666666666667,1.72,42.0366666666667,25.6
"76","BLAN_044",2.26666666666667,-28.4666666666667,1.15666666666667,47.3,43.9
"77","BLAN_045",0.9,-25.5,1.3,44.88,34.5
"78","BLAN_046",2.1,-26.3,1.19,44.51,37.3
"79","BLAN_047",-1.53333333333333,-30.1666666666667,1.61666666666667,49.1233333333333,31.0333333333333
"80","BLAN_048",0.533333333333333,-24.1666666666667,1.47666666666667,43.2633333333333,31.4333333333333
"81","BLAN_049",-0.1,-27.8,1.25,69.76,55.7
"82","BLAN_050",1.2,-30.0333333333333,1.49666666666667,48.7233333333333,34.9333333333333
"83","BLAN_051",5.6,-13.9,2.06,45.67,22.2
"84","BLAN_052",0.266666666666667,-29.2333333333333,0.873333333333333,47.52,61.2
"85","BLAN_053",0.05,-30.25,0.9975,47.6525,50.325
"86","BLAN_054",2.3,-25.7,1.09,43.77,40.2
"87","BLAN_055",0.2,-29.6333333333333,0.81,47.8066666666667,67.5333333333333
"88","BLAN_056",1.9,-26,0.91,39.21,43.1
"89","BLAN_057",-0.2,-29.025,0.8025,47.2725,64.8
"90","BLAN_059",3.9,-21.1,1.24,44.5,35.9
"91","BLAN_060",2.3,-13,1.835,43.84,25.7
"92","BLAN_063",-3.03333333333333,-28.5,2.09333333333333,46.58,24
"93","BLAN_064",2.8,-22.3,1.34,46.82,34.9
"94","BONA_070",-1.98333333333333,-28.45,0.718333333333333,49.9233333333333,71.4833333333333
"95","BONA_071",-2.01666666666667,-27.7,0.756666666666667,51.2616666666667,68.7166666666667
"96","BONA_072",-0.0714285714285714,-28.9,0.837142857142857,50.2414285714286,63.6142857142857
"97","BONA_073",-1.8,-28.75,0.87,48.8366666666667,56.3166666666667
"98","BONA_074",-0.328571428571429,-28.6,0.854285714285714,48.6585714285714,58.7857142857143
"99","BONA_075",-1.3,-28.95,1.12166666666667,50.1383333333333,46.3833333333333
"100","BONA_076",-1.65,-28.4833333333333,0.746666666666667,50.3433333333333,70.6166666666667
"101","BONA_077",-1.42857142857143,-28.8714285714286,0.96,49.1114285714286,52.6285714285714
"102","BONA_078",-1.26666666666667,-28.95,0.938333333333333,49.8216666666667,58.05
"103","BONA_079",-1.05714285714286,-29.5428571428571,1.02285714285714,50.2714285714286,53.1
"104","BONA_080",-3.63333333333333,-28.2,0.678333333333333,50.085,78.5
"105","BONA_081",-3.78333333333333,-28.2833333333333,0.66,50.115,79.2833333333333
"106","BONA_082",-1.51428571428571,-29.4,0.947142857142857,49.41,55.1
"107","BONA_083",-0.816666666666667,-29.0666666666667,0.813333333333333,48.3416666666667,59.95
"108","BONA_084",0.4,-29.5428571428571,1.01142857142857,47.2928571428571,52.4714285714286
"109","BONA_086",-1.16666666666667,-28.8333333333333,0.85,47.015,56.35
"110","BONA_087",-1.46666666666667,-30.3166666666667,0.863333333333333,49.8216666666667,63.2
"111","BONA_088",-0.6,-29.6142857142857,0.774285714285714,48.7214285714286,66.6428571428571
"112","BONA_089",-0.966666666666667,-29.3833333333333,0.825,49.2433333333333,62.7
"113","BONA_093",0.142857142857143,-28.3142857142857,0.861428571428571,49.7514285714286,61.7
"114","CLBJ_001",-2.85,-17.85,0.8025,44.74,57.475
"115","CLBJ_002",-0.4,-27.6,0.81,42.62,55.2666666666667
"116","CLBJ_003",-0.466666666666667,-26.5333333333333,0.94,42.9533333333333,47.2333333333333
"117","CLBJ_004",0.15,-27.2,1.08,44.125,42.65
"118","CLBJ_005",-1.1,-28.9333333333333,1.15,45.9166666666667,43.5333333333333
"119","CLBJ_006",-1.26666666666667,-22.8333333333333,0.866666666666667,44.13,52.7
"120","CLBJ_007",-0.0333333333333333,-27.8666666666667,0.863333333333333,45.75,57.7
"121","CLBJ_008",-1.875,-28.825,0.77,46.565,62.975
"122","CLBJ_009",0.333333333333333,-27.4666666666667,1.31333333333333,43.5,39.7333333333333
"123","CLBJ_010",-1.53333333333333,-22.8333333333333,0.733333333333333,44.9233333333333,63.1333333333333
"124","CLBJ_011",-1.725,-28.25,0.95,46.36,50.225
"125","CLBJ_012",-1.56666666666667,-28.2333333333333,1.10333333333333,45.7966666666667,41.3333333333333
"126","CLBJ_013",-2,-24.5,0.82,46.8333333333333,59.1
"127","CLBJ_014",-0.133333333333333,-24.1666666666667,0.72,46.0466666666667,68.4333333333333
"128","CLBJ_015",-1,-28.2666666666667,0.676666666666667,47.2166666666667,72.4333333333333
"129","CLBJ_016",-0.933333333333333,-27.3,0.833333333333333,43.26,56.1666666666667
"130","CLBJ_017",-1,-28.9,0.94,44.5233333333333,51.1333333333333
"131","CLBJ_018",-2.175,-26.325,0.615,47.31,85.6
"132","CLBJ_019",0.0666666666666667,-27.8,1.28333333333333,42.9233333333333,33.8
"133","CLBJ_020",-2.85,-16.2,0.705,40.855,58.05
"134","CLBJ_021",-0.866666666666667,-27.8,0.726666666666667,48.3333333333333,68
"135","CLBJ_022",-2.75,-28.9,1.0075,43.735,54.3
"136","CLBJ_023",-5.26666666666667,-21.2,0.69,44.1666666666667,71.8333333333333
"137","CLBJ_024",-2.83333333333333,-25.3666666666667,0.743333333333333,42.6966666666667,60.1333333333333
"138","CLBJ_025",-2.85,-27.75,0.94,44.88,48.65
"139","CLBJ_026",-3.7,-22.7666666666667,0.743333333333333,44.0033333333333,62.8666666666667
"140","CLBJ_027",-4.86666666666667,-28.4666666666667,0.8,46.51,63.7666666666667
"141","CLBJ_028",-2.03333333333333,-28.5666666666667,0.89,44.6233333333333,56
"142","CLBJ_029",-1.75,-28.35,0.8125,45.0675,57.875
"143","CLBJ_030",-1.66666666666667,-22.6666666666667,1.02333333333333,43.2433333333333,44.5666666666667
"144","CPER_045",0.8,-18,1.38,46.08,33.3
"145","CPER_046",2.1,-23.2,1.22,47.63,39.25
"146","CPER_047",0.1,-23.4,1.46,42.74,29.2
"147","CPER_048",1.55,-23.05,1.385,46.865,35.5
"148","CPER_049",-0.9,-22.7,1.4525,43.5575,30.275
"149","CPER_050",1.8,-20.8,1.3,47.67,36.6
"150","CPER_051",-0.0666666666666667,-21.3333333333333,1.14333333333333,46.24,40.7
"151","CPER_052",-0.2,-21.65,1.295,46.995,36.8
"152","CPER_053",2.35,-23.85,1.82,40.835,24.9
"153","CPER_054",0.65,-20.05,1.165,34.35,29.9
"154","CPER_055",3.46666666666667,-24.6666666666667,1.44333333333333,47.0433333333333,33.1333333333333
"155","CPER_056",0.4,-18.1,1.26,48.55,38.4
"156","CPER_057",-0.6,-22.3,1.32,46.6,35.4
"157","CPER_058",1.63333333333333,-26.2333333333333,1.44333333333333,47.6,33.1666666666667
"158","CPER_059",4.16666666666667,-23.9666666666667,1.7,46.56,27.9
"159","CPER_060",0.2,-14.8,1.08,47.13,43.8
"160","CPER_061",2.03333333333333,-24.6,1.23666666666667,46.3633333333333,37.6
"161","CPER_062",1.45,-21.7,1.09,46.28,44.05
"162","CPER_063",2.2,-19.5,1.29,48,37.2
"163","CPER_064",1.66666666666667,-24.1,1.32,43.96,33.2666666666667
"164","CPER_065",1.55,-24.85,1.225,44.235,36.5
"165","CPER_066",2.33333333333333,-23.4666666666667,1.3,43.5566666666667,34.7
"166","CPER_067",0.75,-24.4,1.095,46.75,44.05
"167","CPER_068",1.7,-23.9,1.43,46.27,32.3
"168","CPER_069",1.83333333333333,-25.8666666666667,1.05666666666667,45.8733333333333,45.9
"169","CPER_070",-0.3,-26.1666666666667,1.1,44.7766666666667,43.3
"170","CPER_071",1.4,-25.3,1.15666666666667,44.9666666666667,41.0333333333333
"171","CPER_072",-1.5,-20.1,0.9,43.52,48.6
"172","CPER_073",3.05,-24.5,1.625,46.91,31.1
"173","CPER_074",6.23333333333333,-25.0666666666667,1.53333333333333,46.4233333333333,32.3333333333333
"174","DCFS_061",3.2,-26.825,0.5175,44.93,101.775
"175","DCFS_062",0.6,-26.9333333333333,0.736666666666667,47.07,65.1
"176","DCFS_063",0.3,-28.0333333333333,0.716666666666667,46.6433333333333,70.2
"177","DCFS_064",0.533333333333333,-28.9666666666667,0.706666666666667,45.7533333333333,66.9
"178","DCFS_065",1.4,-27.0333333333333,0.913333333333333,46.6633333333333,51.8666666666667
"179","DCFS_066",0.766666666666667,-28.5666666666667,0.646666666666667,45.48,73.9333333333333
"180","DCFS_067",-1.2,-26.125,0.7575,47.78,66.625
"181","DCFS_068",0.7,-26.4333333333333,1.19333333333333,42.9233333333333,40.8333333333333
"182","DCFS_069",0.5,-28.1666666666667,0.83,48.1333333333333,57.9666666666667
"183","DCFS_070",-1.06666666666667,-26.3333333333333,0.983333333333333,47.4833333333333,51.9666666666667
"184","DCFS_071",-2.1,-27.475,0.9175,50.205,55.5
"185","DCFS_072",0.166666666666667,-27.6,0.95,47.51,50.7333333333333
"186","DCFS_073",-0.266666666666667,-26.3666666666667,1.21333333333333,46.03,42.5666666666667
"187","DCFS_074",-0.133333333333333,-26.5666666666667,0.693333333333333,44.0933333333333,64.3333333333333
"188","DCFS_075",-0.833333333333333,-26.8666666666667,1.11666666666667,44.2533333333333,39.5
"189","DCFS_076",0.633333333333333,-27.5,0.963333333333333,47.7933333333333,50.1
"190","DCFS_077",-0.75,-26.95,1.23,45.825,39.075
"191","DCFS_078",-0.666666666666667,-27.0666666666667,0.85,46.1566666666667,55.6666666666667
"192","DCFS_079",0.833333333333333,-27.0666666666667,0.873333333333333,46.27,54.1666666666667
"193","DCFS_080",0.266666666666667,-26.3333333333333,0.906666666666667,42.88,51.7333333333333
"194","DCFS_081",0.475,-26.75,0.6425,46.1,72.475
"195","DCFS_082",0.133333333333333,-27.4666666666667,1.02333333333333,43.4766666666667,45.2333333333333
"196","DCFS_083",1.43333333333333,-27.8,0.97,44.46,46.2333333333333
"197","DCFS_084",0.433333333333333,-26.9,0.963333333333333,44.0566666666667,48.2
"198","DCFS_085",-1.16666666666667,-26.5666666666667,0.786666666666667,49.17,67.3
"199","DCFS_086",-0.866666666666667,-26.6333333333333,0.793333333333333,42.7433333333333,54.6666666666667
"200","DCFS_087",-1.45,-26.225,1.75,49.8525,30.45
"201","DCFS_088",-1.06666666666667,-27.0333333333333,1.19,47.5666666666667,41.6333333333333
"202","DCFS_089",-0.433333333333333,-26.8333333333333,0.81,47.76,62.6
"203","DCFS_090",0.2,-27.4,0.963333333333333,47.3833333333333,50.5
"204","DEJU_045",NA,NA,NA,NA,NA
"205","DEJU_046",NA,NA,NA,NA,NA
"206","DEJU_047",NA,NA,NA,NA,NA
"207","DEJU_048",NA,NA,NA,NA,NA
"208","DEJU_049",NA,NA,NA,NA,NA
"209","DEJU_050",NA,NA,NA,NA,NA
"210","DEJU_051",NA,NA,NA,NA,NA
"211","DEJU_052",NA,NA,NA,NA,NA
"212","DEJU_053",NA,NA,NA,NA,NA
"213","DEJU_054",NA,NA,NA,NA,NA
"214","DEJU_055",NA,NA,NA,NA,NA
"215","DEJU_056",NA,NA,NA,NA,NA
"216","DEJU_057",NA,NA,NA,NA,NA
"217","DEJU_058",NA,NA,NA,NA,NA
"218","DEJU_059",NA,NA,NA,NA,NA
"219","DEJU_060",NA,NA,NA,NA,NA
"220","DEJU_061",NA,NA,NA,NA,NA
"221","DEJU_062",NA,NA,NA,NA,NA
"222","DEJU_063",NA,NA,NA,NA,NA
"223","DEJU_064",NA,NA,NA,NA,NA
"224","DELA_037",3.72857142857143,-29.7285714285714,1.1,45.6042857142857,42.6571428571429
"225","DELA_038",1.28333333333333,-28.9333333333333,0.915,45.7283333333333,53.4333333333333
"226","DELA_039",1.3,-28.85,0.93,45.63,50.5333333333333
"227","DELA_040",3.28571428571429,-28.7285714285714,0.85,45.6028571428571,59.6
"228","DELA_041",4.05,-29.1666666666667,0.893333333333333,46.1683333333333,55.25
"229","DELA_042",1.45714285714286,-29.5,0.774285714285714,43.3157142857143,59.5428571428571
"230","DELA_043",1.25,-28.6833333333333,1.13166666666667,43.1466666666667,40.9666666666667
"231","DELA_044",1.86666666666667,-29.1666666666667,0.966666666666667,42.6083333333333,49.0166666666667
"232","DELA_045",2.14285714285714,-29.5142857142857,0.887142857142857,43.7828571428571,50.4142857142857
"233","DELA_046",2.61666666666667,-29.2333333333333,0.995,43.7183333333333,47.9666666666667
"234","DELA_047",2.95714285714286,-29.7,1.17714285714286,44.1814285714286,41.5714285714286
"235","DELA_048",3.96666666666667,-28.2333333333333,1.25,44.9616666666667,38.6166666666667
"236","DELA_050",1.63333333333333,-28.8166666666667,1.125,44.9933333333333,42.9333333333333
"237","DELA_051",2.81428571428571,-28.7142857142857,1.01428571428571,44.8,46.2571428571429
"238","DELA_052",2.23333333333333,-29.25,0.79,45.1216666666667,61.1333333333333
"239","DELA_053",1.5,-29.5285714285714,0.724285714285714,47.0914285714286,70.3
"240","DELA_054",2.83333333333333,-30.1833333333333,0.986666666666667,47.055,49.1833333333333
"241","DELA_055",1.2,-28.5833333333333,0.961666666666667,44.85,48.95
"242","DELA_056",1.64285714285714,-29.6571428571429,0.697142857142857,47.2671428571429,72.8
"243","DELA_059",1.51666666666667,-29.5333333333333,0.803333333333333,45.2483333333333,59.05
"244","DSNY_041",0.65,-19.525,0.81,47.0625,63.6
"245","DSNY_042",0.52,-26.72,0.574,49.52,91.6
"246","DSNY_043",-2.06666666666667,-13.7,0.63,47.7633333333333,80.8333333333333
"247","DSNY_044",1.3,-18.2,0.635,47.725,74.85
"248","DSNY_045",0.04,-22.68,0.62,47.876,81.26
"249","DSNY_046",-0.1,-14.0666666666667,0.533333333333333,47.4166666666667,96.7333333333333
"250","DSNY_047",-0.35,-13.55,0.52,47.355,93.75
"251","DSNY_048",-0.933333333333333,-15.6666666666667,0.82,47.5766666666667,60.2666666666667
"252","DSNY_049",0.7,-13.9,0.606666666666667,47.29,79.2333333333333
"253","DSNY_050",0.2,-18.25,0.565,47.3525,87.8
"254","DSNY_051",-1.9,-20.775,0.725,46.315,67.475
"255","DSNY_052",0.7,-18.7,0.745,46.8425,66.85
"256","DSNY_053",1.26666666666667,-15.4,0.59,48.33,89.5
"257","DSNY_054",-0.85,-13.05,0.445,48.45,114.6
"258","DSNY_055",-0.666666666666667,-15.3666666666667,0.513333333333333,47.5033333333333,94.3666666666667
"259","DSNY_056",-4.875,-25.925,0.3725,49.6125,150.575
"260","DSNY_057",-1.56666666666667,-13.4666666666667,0.54,46,88.2
"261","DSNY_058",-0.666666666666667,-16.0333333333333,0.6,48.3466666666667,81.8333333333333
"262","DSNY_059",-0.05,-16.45,0.705,47.675,72.65
"263","DSNY_060",1.33333333333333,-17.8,0.986666666666667,46.6733333333333,49.3333333333333
"264","DSNY_061",2,-13.5333333333333,0.706666666666667,47.8466666666667,69.2666666666667
"265","DSNY_062",-1.18,-27.38,0.532,50.254,108.02
"266","DSNY_063",-0.775,-27.55,0.79,45.235,62.575
"267","DSNY_064",-0.55,-13.2,0.9975,47.55,50.125
"268","DSNY_065",0.775,-26.1,0.86,46.7175,56.425
"269","DSNY_066",1.025,-25.3,1.15,46.6525,41.6
"270","DSNY_067",-0.666666666666667,-14.8333333333333,0.396666666666667,48.26,124.633333333333
"271","DSNY_068",1.36666666666667,-14.8333333333333,0.406666666666667,49.2466666666667,121.766666666667
"272","DSNY_069",0.3,-22.075,0.4425,46.3225,113.6
"273","DSNY_070",-0.425,-17.875,0.6525,47.9125,84.475
"274","GRSM_047",-0.671428571428571,-28.8714285714286,0.738571428571429,45.6785714285714,70.4142857142857
"275","GRSM_048",-0.233333333333333,-28.6,0.78,50.7933333333333,70.4
"276","GRSM_049",-0.55,-28.6,0.738333333333333,48.655,74.5333333333333
"277","GRSM_050",-1.06666666666667,-28.8333333333333,1.05666666666667,47.4866666666667,52.1833333333333
"278","GRSM_051",-1.25714285714286,-28.9428571428571,0.942857142857143,44.8642857142857,60.7857142857143
"279","GRSM_052",-0.916666666666667,-28.5666666666667,0.653333333333333,46.3933333333333,88.9166666666667
"280","GRSM_053",0.471428571428571,-28.6428571428571,1.15571428571429,45.59,45.4142857142857
"281","GRSM_054",-0.666666666666667,-28.4333333333333,0.821666666666667,46.595,66.0166666666667
"282","GRSM_055",-0.0333333333333333,-28.9666666666667,0.96,46.475,57.3666666666667
"283","GRSM_056",-0.842857142857143,-28.1142857142857,0.865714285714286,43.7557142857143,64.2428571428571
"284","GRSM_057",1.4,-28.8,1.165,47.3833333333333,49.1833333333333
"285","GRSM_058",-0.414285714285714,-27.9142857142857,1.46285714285714,44.0857142857143,32.7285714285714
"286","GRSM_059",-2.4,-28.8333333333333,0.603333333333333,49.845,90.5666666666667
"287","GRSM_060",-1.66666666666667,-28.2833333333333,0.785,46.6966666666667,71.8333333333333
"288","GRSM_061",-2.08571428571429,-28.4428571428571,0.741428571428571,49.1828571428571,72.1428571428571
"289","GRSM_062",-0.985714285714286,-28.5857142857143,0.665714285714286,48.6171428571429,89.1857142857143
"290","GRSM_063",0.333333333333333,-28.3166666666667,1.12666666666667,48.22,50.3833333333333
"291","GRSM_064",-1.78333333333333,-28.5833333333333,0.96,48.6533333333333,57.6
"292","GRSM_065",-1.83333333333333,-29.2833333333333,0.9,47.0433333333333,60.1166666666667
"293","GRSM_066",0.514285714285714,-29.1285714285714,1.07,44.0957142857143,49.6285714285714
"294","GUAN_042",1.95,-26.525,2.215,47.1675,21.375
"295","GUAN_043",NA,NA,NA,NA,NA
"296","GUAN_044",2.29,-26.96,1.273,44.749,38.87
"297","GUAN_045",0.628571428571429,-26.8,1.10785714285714,44.8685714285714,46.2928571428571
"298","GUAN_046",-0.0142857142857143,-26.9,1.28,45.9857142857143,37.6
"299","GUAN_047",-0.60625,-26.55,1.24,45.439375,39
"300","GUAN_048",1.6,-25.9833333333333,1.74833333333333,45.775,28.7166666666667
"301","GUAN_049",1.44,-25.8866666666667,1.76933333333333,45.4446666666667,27.9333333333333
"302","GUAN_050",2.26363636363636,-26.6727272727273,1.18818181818182,46.0754545454545,41.0454545454545
"303","GUAN_051",2.19090909090909,-26.8363636363636,1.68,46.93,30.4636363636364
"304","GUAN_052",0.0466666666666667,-27.0066666666667,1.32733333333333,46.5153333333333,38.2666666666667
"305","GUAN_053",0.7,-26.7,1.216,44.362,40.12
"306","GUAN_054",1.02,-25.9733333333333,2.058,47.1413333333333,23.8666666666667
"307","GUAN_055",0.65,-26.3285714285714,1.58285714285714,47.0257142857143,34.95
"308","GUAN_056",NA,NA,NA,NA,NA
"309","GUAN_057",1.91818181818182,-26.5909090909091,1.39727272727273,45.0063636363636,34.5818181818182
"310","GUAN_058",0.433333333333333,-26.44,1.838,46.3286666666667,26.9533333333333
"311","GUAN_059",1.24545454545455,-26.1636363636364,1.93545454545455,46.6190909090909,26
"312","GUAN_060",1.075,-26.65,1.3575,44.9775,35.55
"313","GUAN_061",1.27333333333333,-27,1.35933333333333,46.5526666666667,36.5866666666667
"314","HARV_033",NA,NA,NA,NA,NA
"315","HARV_034",NA,NA,NA,NA,NA
"316","HARV_035",NA,NA,NA,NA,NA
"317","HARV_036",NA,NA,NA,NA,NA
"318","HARV_037",NA,NA,NA,NA,NA
"319","HARV_038",NA,NA,NA,NA,NA
"320","HARV_039",NA,NA,NA,NA,NA
"321","HARV_040",NA,NA,NA,NA,NA
"322","HARV_041",NA,NA,NA,NA,NA
"323","HARV_042",NA,NA,NA,NA,NA
"324","HARV_043",NA,NA,NA,NA,NA
"325","HARV_044",NA,NA,NA,NA,NA
"326","HARV_045",NA,NA,NA,NA,NA
"327","HARV_046",NA,NA,NA,NA,NA
"328","HARV_047",NA,NA,NA,NA,NA
"329","HARV_048",NA,NA,NA,NA,NA
"330","HARV_049",NA,NA,NA,NA,NA
"331","HARV_050",NA,NA,NA,NA,NA
"332","HARV_051",NA,NA,NA,NA,NA
"333","HARV_052",NA,NA,NA,NA,NA
"334","HEAL_045",-2.96666666666667,-27.3333333333333,0.673333333333333,52.05,81.0666666666667
"335","HEAL_046",-3.33333333333333,-28,0.706666666666667,50.7333333333333,81.3666666666667
"336","HEAL_047",-2.73333333333333,-27.6666666666667,0.833333333333333,51.2266666666667,63.4333333333333
"337","HEAL_048",-1.33333333333333,-27.9,0.983333333333333,51.2966666666667,62.3666666666667
"338","HEAL_049",-2.43333333333333,-26.8,0.613333333333333,50.4666666666667,84
"339","HEAL_050",-0.6,-26.925,0.8475,50,65.2
"340","HEAL_051",-2.56666666666667,-28.1333333333333,0.846666666666667,53.15,65.7666666666667
"341","HEAL_052",-4.2,-27.9666666666667,0.6,51.9333333333333,87.7
"342","HEAL_053",-1.93333333333333,-27.5333333333333,0.71,49.3766666666667,70.9
"343","HEAL_054",-2.46666666666667,-27.6,0.583333333333333,51.03,92.8666666666667
"344","HEAL_055",-1.7,-27.1666666666667,0.633333333333333,50.0766666666667,82.0333333333333
"345","HEAL_056",-1.9,-27.6333333333333,0.726666666666667,51.1266666666667,77.9
"346","HEAL_057",-0.466666666666667,-27.9,0.933333333333333,49.5066666666667,54.8333333333333
"347","HEAL_058",-3.35,-27.8,0.7325,50.31,71.475
"348","HEAL_059",-1.75,-28.125,0.9925,51.4725,55.8
"349","HEAL_061",-3.55,-28.325,0.7375,51.835,73.225
"350","HEAL_066",-1.46666666666667,-27.8,0.873333333333333,48.8366666666667,58.8666666666667
"351","HEAL_068",-2.53333333333333,-27.1333333333333,0.653333333333333,50.7166666666667,79.5333333333333
"352","JERC_047",NA,NA,NA,NA,NA
"353","JERC_048",NA,NA,NA,NA,NA
"354","JERC_049",NA,NA,NA,NA,NA
"355","JERC_050",NA,NA,NA,NA,NA
"356","JERC_051",NA,NA,NA,NA,NA
"357","JERC_052",NA,NA,NA,NA,NA
"358","JERC_053",NA,NA,NA,NA,NA
"359","JERC_054",NA,NA,NA,NA,NA
"360","JERC_055",NA,NA,NA,NA,NA
"361","JERC_056",NA,NA,NA,NA,NA
"362","JERC_057",NA,NA,NA,NA,NA
"363","JERC_058",NA,NA,NA,NA,NA
"364","JERC_059",NA,NA,NA,NA,NA
"365","JERC_060",NA,NA,NA,NA,NA
"366","JERC_061",NA,NA,NA,NA,NA
"367","JERC_062",NA,NA,NA,NA,NA
"368","JERC_063",NA,NA,NA,NA,NA
"369","JERC_064",NA,NA,NA,NA,NA
"370","JERC_065",NA,NA,NA,NA,NA
"371","JERC_066",NA,NA,NA,NA,NA
"372","JORN_042",NA,NA,NA,NA,NA
"373","JORN_043",0.62,-21.4,1.242,42.904,40.5
"374","JORN_044",0.35,-17.975,0.8425,47.6725,61.325
"375","JORN_045",-0.416666666666667,-21.4166666666667,1.12833333333333,40.875,39.0333333333333
"376","JORN_046",1.11666666666667,-19.85,1.375,41.7466666666667,35.55
"377","JORN_047",NA,NA,NA,NA,NA
"378","JORN_048",1.15,-21.425,1.34,40.735,30.5
"379","JORN_049",0.333333333333333,-16.6,1.41,39.9433333333333,29.4666666666667
"380","JORN_050",0.175,-20.575,1.225,47.2425,41.6
"381","JORN_051",0.725,-21.1,1.245,38.4475,31.75
"382","JORN_052",1.06,-20.04,0.974,41.494,44.1
"383","JORN_053",NA,NA,NA,NA,NA
"384","JORN_054",0.666666666666667,-15.0333333333333,0.86,46.67,55.5333333333333
"385","JORN_055",NA,NA,NA,NA,NA
"386","JORN_056",1.03333333333333,-15.9333333333333,0.853333333333333,37.5266666666667,43.5
"387","JORN_057",1.775,-20.025,1.075,44.3125,46.8
"388","JORN_058",0.733333333333333,-16.4,1.12666666666667,40.5666666666667,35.8166666666667
"389","JORN_059",-0.2,-18.48,0.928,46.806,59
"390","JORN_060",0.4,-20.3666666666667,0.903333333333333,46.75,59.4333333333333
"391","JORN_061",0.52,-20.34,1.138,40.464,40.4
"392","JORN_062",0.825,-16.025,0.9,43.26,52.125
"393","JORN_063",0.32,-16.58,0.824,36.01,48.7
"394","JORN_064",0.757142857142857,-19.0428571428571,1.30428571428571,45.84,39.8857142857143
"395","JORN_065",1.35,-18.7,1.36,40.67,31.525
"396","JORN_066",-0.78,-22.48,1.628,46.644,30.02
"397","JORN_067",NA,NA,NA,NA,NA
"398","JORN_068",1.28,-16.88,0.886,44.228,52.26
"399","JORN_069",0.1,-19.175,1.2025,39.8025,32.9
"400","JORN_070",0.966666666666667,-17.1666666666667,0.806666666666667,46.1266666666667,68.6666666666667
"401","JORN_071",0.88,-20.58,1.062,38.924,37.4
"402","KONA_049",0.4,-25,2.06,37.12,18
"403","KONA_050",0.1,-26.1,2.425,38.22,15.75
"404","KONA_051",1.55,-25.4,1.785,37.29,22.1
"405","KONA_052",2.6,-26.45,1.73,32.66,18.7
"406","KONA_054",0.3,-26.95,2.27,42.54,18.8
"407","KONA_055",1.8,-27.1,2.47,43.2,17.5
"408","KONA_056",2,-26.75,1.805,42.14,24.8
"409","KONA_057",0.7,-27.5,1.6,28.87,18
"410","KONA_058",0.85,-27,2.07,40.18,19.8
"411","KONA_059",1.9,-26.8,1.115,45.88,41.75
"412","KONA_061",2.6,-25.8,1.71,28.42,16.6
"413","KONA_062",1.2,-27.8,1.52,33.95,22.4
"414","KONA_063",2.1,-26.55,2.405,42.395,17.65
"415","KONA_064",-0.05,-25.95,1.505,40.18,28.1
"416","KONA_065",2.45,-27.1,1.825,43.26,24.35
"417","KONA_066",1.55,-22.95,2.085,40.155,19.75
"418","KONA_068",1.3,-24.3,1.74,44.45,25.6
"419","KONA_070",1.6,-26,2.205,44.575,20.9
"420","KONA_071",2.1,-23.9,1.455,50.025,34.35
"421","KONA_072",3,-26.4,2.15,36.76,17.1
"422","KONA_073",-0.133333333333333,-26.2666666666667,1.44666666666667,30.8533333333333,23.3333333333333
"423","KONA_074",2.6,-25.2,1.65,41.39,25.1
"424","KONA_075",1.35,-29.3,1.67,36.67,22.65
"425","KONA_076",1,-27.2,1.965,43.035,24.35
"426","KONA_077",-0.1,-27.9,1.56,39.44,25.3
"427","KONZ_042",-2.1375,-21.725,0.82875,47.205,59.4625
"428","KONZ_043",-0.857142857142857,-19.4142857142857,0.705714285714286,43.8242857142857,64.7857142857143
"429","KONZ_044",-2.6375,-14.75,0.4325,44.97,125.55
"430","KONZ_045",-1.87142857142857,-18.2571428571429,0.658571428571429,43.6085714285714,71.7285714285714
"431","KONZ_046",-1.91428571428571,-27.5285714285714,0.748571428571429,43.6542857142857,77.7428571428571
"432","KONZ_047",-2.22857142857143,-16.1571428571429,0.647142857142857,44.1871428571429,70.1714285714286
"433","KONZ_048",-1.58,-16.78,0.68,43.37,68.34
"434","KONZ_049",-1.98571428571429,-17.2714285714286,0.471428571428571,44.9085714285714,109.314285714286
"435","KONZ_050",-1.46666666666667,-18.2833333333333,0.511666666666667,43.32,89.5
"436","KONZ_051",-3,-14.2857142857143,0.481428571428571,44.3942857142857,98.8285714285714
"437","KONZ_052",-2.62857142857143,-15.7714285714286,0.508571428571429,46.2028571428571,96.5428571428571
"438","KONZ_053",-0.0428571428571429,-21.0285714285714,0.765714285714286,44.13,77.3714285714286
"439","KONZ_054",-1.61428571428571,-17.5285714285714,0.605714285714286,43.2571428571429,82.7285714285714
"440","KONZ_055",-2.63333333333333,-22.8166666666667,0.66,45.6516666666667,74.8
"441","KONZ_056",-2.26666666666667,-15.6833333333333,0.515,43.785,89.9
"442","KONZ_057",-1.6375,-19.775,0.92625,44.81625,56.3875
"443","KONZ_058",-1.38571428571429,-24.6571428571429,0.74,46.17,64.8428571428571
"444","KONZ_059",-1.7875,-24.9,0.8825,47.21375,58.35
"445","KONZ_060",-2.57142857142857,-15.8285714285714,0.527142857142857,45.6885714285714,88
"446","KONZ_061",-1.87142857142857,-24.4571428571429,1.12,44.1528571428571,43.1142857142857
"447","KONZ_062",-1.32222222222222,-18.0666666666667,0.734444444444444,46.0433333333333,66.3
"448","KONZ_063",-0.075,-28.25,0.9225,42.01125,54.3375
"449","KONZ_064",-0.542857142857143,-28.1285714285714,0.992857142857143,43.9357142857143,46.9857142857143
"450","KONZ_065",-1.6,-18.5,0.564285714285714,42.9257142857143,78.5714285714286
"451","KONZ_066",-0.0857142857142857,-21.3571428571429,0.834285714285714,45.5285714285714,58.1857142857143
"452","KONZ_067",-1.62857142857143,-23.8714285714286,0.697142857142857,43.27,68.3857142857143
"453","KONZ_068",-0.857142857142857,-20.9571428571429,0.552857142857143,44.16,82.2428571428571
"454","KONZ_069",-0.955555555555556,-24.1222222222222,0.886666666666667,44.2388888888889,61.3
"455","KONZ_070",-0.528571428571429,-22.6857142857143,0.567142857142857,43.8885714285714,83.0285714285714
"456","KONZ_071",NA,NA,NA,NA,NA
"457","LAJA_041",3.8,-16.6333333333333,1.6,45.8533333333333,28.8
"458","LAJA_042",7.03333333333333,-14.1333333333333,0.75,47.2033333333333,72.5
"459","LAJA_043",4.65,-14.5,0.705,45.51,65.45
"460","LAJA_044",8.05,-13.6,0.705,47.445,68
"461","LAJA_045",4.3,-13.4666666666667,0.693333333333333,44.4166666666667,76.0333333333333
"462","LAJA_046",6.15,-12.65,0.615,45.39,74.25
"463","LAJA_047",3.45,-21.3,1.41,47.82,34.25
"464","LAJA_048",6.6,-12.5,0.76,45.57,60.3
"465","LAJA_049",6.2,-19.25,0.62,47.285,82.25
"466","LAJA_050",6.9,-14.4333333333333,1.04333333333333,46.7633333333333,45.6333333333333
"467","LAJA_051",11.05,-13.3,0.96,46.78,52.4
"468","LAJA_052",5.3,-14.15,0.83,47.86,64.8
"469","LAJA_053",8.4,-21.4666666666667,1.18,46.84,39.8666666666667
"470","LAJA_054",4.85,-14.4,1.2475,47.095,38.225
"471","LAJA_055",4.86666666666667,-13.4666666666667,0.616666666666667,45.0166666666667,77.5333333333333
"472","LAJA_056",5.05,-13.9,0.86,44.285,55.65
"473","LAJA_057",14.9,-14.5,1.63,47.6375,29.55
"474","LAJA_058",4.95,-12.95,0.565,42.46,75.5
"475","LAJA_059",5.05,-13.35,0.76,46.18,64.75
"476","LAJA_060",7.95,-20.4,1.305,46.46,36.5
"477","LAJA_061",1.7,-19.3666666666667,1.28333333333333,47.1933333333333,37.7333333333333
"478","LAJA_062",7.23333333333333,-13.7,1.08666666666667,45.2866666666667,41.8666666666667
"479","LAJA_063",6.73333333333333,-19.8666666666667,1.03666666666667,48.2233333333333,49.3333333333333
"480","LAJA_064",7.1,-14.65,1.05,47.52,45.6
"481","LAJA_065",6.75,-14,1.15,47.335,42.85
"482","LAJA_066",4.4,-13.3,0.775,45.74,61.9
"483","LAJA_067",3.65,-16.95,0.83,43.07,52.7
"484","LAJA_068",6.175,-13.75,0.615,44.6075,84.85
"485","LAJA_069",-0.5,-25.15,2.75,47.605,17.5
"486","LAJA_070",5.7,-13.3,1.12,42.605,38.7
"487","LENO_061",2.5375,-29.6375,0.835,44.48,59.5875
"488","LENO_062",1.675,-30.2375,0.70875,45.19125,70.6875
"489","LENO_063",0.611111111111111,-29.8777777777778,0.75,44.52,69.7
"490","LENO_064",0.322222222222222,-30.3222222222222,0.583333333333333,44.3177777777778,86.2666666666667
"491","LENO_065",1.6,-31.0875,0.8025,45.1,60.3
"492","LENO_066",0.2,-30.3,0.6625,45.5875,75.4375
"493","LENO_067",2.54444444444444,-30.5444444444444,0.804444444444444,46.48,61.9333333333333
"494","LENO_068",2.02222222222222,-30.8111111111111,0.95,47.6444444444444,53.8222222222222
"495","LENO_069",3.7625,-30.7,0.95625,49.3875,60.125
"496","LENO_070",0.522222222222222,-30.7444444444444,0.738888888888889,48.6322222222222,72.1333333333333
"497","MLBS_061",-0.177777777777778,-28.3111111111111,0.825555555555555,49.0722222222222,74.0666666666667
"498","MLBS_062",-0.78,-27.72,0.702,47.468,84.42
"499","MLBS_063",-0.875,-28.825,0.92375,48.84125,67.4125
"500","MLBS_064",-0.025,-27.85,0.96875,48.58,62.325
"501","MLBS_065",0.544444444444445,-28.2,0.906666666666667,46.5933333333333,63.8444444444444
"502","MLBS_066",-0.255555555555556,-28.9,0.866666666666667,45.8677777777778,59.1333333333333
"503","MLBS_067",-0.8625,-28.475,0.77625,46.09625,70.9875
"504","MLBS_068",-0.8125,-28.2875,0.6725,47.04,84.1
"505","MLBS_069",0.288888888888889,-28.3888888888889,0.73,47.5711111111111,75.8666666666667
"506","MLBS_070",-0.177777777777778,-27.7888888888889,0.748888888888889,47.1844444444444,74.9555555555556
"507","MLBS_071",-0.025,-28.6625,0.6775,46.33375,80.8375
"508","MLBS_072",1.65,-28.25,0.79625,46.06125,68.4375
"509","MLBS_073",-0.533333333333333,-28.3222222222222,0.814444444444444,48.1777777777778,66.1333333333333
"510","MLBS_074",1,-28.0222222222222,0.84,47.2277777777778,58.3333333333333
"511","MLBS_075",-1.5375,-28.675,0.555,47.695,95.1375
"512","MLBS_076",0.2,-28.0444444444444,0.66,46.2444444444444,76.1111111111111
"513","MOAB_044",4.175,-19.35,1.18375,44.82125,43.7625
"514","MOAB_045",3.51666666666667,-17.6333333333333,0.975,40.88,42.7166666666667
"515","MOAB_046",2.4,-17.6166666666667,1.25666666666667,41.79,33.6166666666667
"516","MOAB_047",2.32857142857143,-15.3428571428571,1.01,44.7185714285714,48.3857142857143
"517","MOAB_048",2.5125,-22.9,1.1425,48.5525,45.3
"518","MOAB_049",3.74285714285714,-20.9142857142857,1.16714285714286,47.8614285714286,44.2571428571429
"519","MOAB_050",2.8375,-22.6625,1.3725,47.405,39.975
"520","MOAB_051",3.5,-18.1,1.2725,47.0075,41.6
"521","MOAB_052",3.48,-21.48,1.308,47.236,36.76
"522","MOAB_053",3.26666666666667,-21.1166666666667,1.18166666666667,47.4116666666667,44.2833333333333
"523","MOAB_054",3.9,-20.175,1.18,43.87375,37.4125
"524","MOAB_055",2.8625,-18.9875,1.07625,44.91625,44.9
"525","MOAB_056",3.05,-18.85,0.913333333333333,48.4166666666667,55.5166666666667
"526","MOAB_057",2.275,-15.25,1.0375,42.9975,42.475
"527","MOAB_058",3.34285714285714,-19.3285714285714,1.25142857142857,44.6257142857143,39.1428571428571
"528","MOAB_059",3.13333333333333,-19.0166666666667,0.926666666666667,46.1116666666667,50.9166666666667
"529","MOAB_060",3.175,-18.5,1.005,45.82,48.325
"530","MOAB_061",3.21666666666667,-18.2333333333333,0.94,42.0233333333333,44.8833333333333
"531","MOAB_062",3.28888888888889,-16.7222222222222,1.03,45.2211111111111,48.1888888888889
"532","MOAB_063",3.31428571428571,-21.8571428571429,1.13857142857143,48.0828571428571,44.3285714285714
"533","MOAB_064",4.02,-20.82,1.384,45.824,34.8
"534","MOAB_065",2.74,-17.66,1.034,48.038,52.7
"535","MOAB_066",2.45,-20.275,1.16,41.43,36.5
"536","MOAB_067",4.85,-15.35,1.3975,44.6675,33.775
"537","MOAB_068",3.3,-19.66,1.368,45.824,34.34
"538","MOAB_069",3.48,-18.76,1.074,44.636,42.7
"539","MOAB_070",4.51428571428571,-20.8,1.04285714285714,39.2485714285714,37.4714285714286
"540","MOAB_071",3.83333333333333,-19.85,1.16,40.77,35.6
"541","MOAB_072",3.38,-17.54,1.19,39.212,34.4
"542","MOAB_073",3.9,-21.3,1.0125,40.715,42.375
"543","NIWO_040",-1.8,-26.3666666666667,0.976666666666667,50.6833333333333,59.3666666666667
"544","NIWO_041",0.2,-27.0666666666667,1.07,45.1,44.4
"545","NIWO_042",-0.65,-26.65,1.03,46.225,46.4
"546","NIWO_043",-0.2,-26.65,1.6275,49.6675,32.475
"547","NIWO_044",0.533333333333333,-26.9,1.03333333333333,46.4833333333333,48.5333333333333
"548","NIWO_045",-1.66666666666667,-26.4666666666667,0.866666666666667,48.2166666666667,62.3
"549","NIWO_046",-1.5,-26.4333333333333,0.886666666666667,49.2666666666667,66
"550","NIWO_047",0.85,-27.625,0.6975,49.0625,72.3
"551","NIWO_048",0.366666666666667,-26.4666666666667,1.65,46.3533333333333,29.0333333333333
"552","NIWO_050",-0.4,-27.0666666666667,1.12,47.26,48.7
"553","NIWO_051",-1.16666666666667,-26.4,1.04666666666667,48.4933333333333,49.4666666666667
"554","NIWO_052",1.16666666666667,-26.6333333333333,0.836666666666667,48.7366666666667,67.3333333333333
"555","NIWO_053",1.13333333333333,-27.7666666666667,1.12333333333333,45.9566666666667,44.8666666666667
"556","NIWO_056",-1.975,-26.825,1.06,46.4825,44.975
"557","NIWO_057",-2.53333333333333,-27.3666666666667,0.853333333333333,50.5566666666667,68.4666666666667
"558","NIWO_059",-1.5,-26.8333333333333,1.07666666666667,46.0933333333333,43.0666666666667
"559","NIWO_060",-2.03333333333333,-26.8666666666667,0.853333333333333,47.1866666666667,58.4333333333333
"560","NIWO_061",-1.45,-26.625,0.9625,48.015,55.65
"561","NIWO_062",-0.933333333333333,-27.2666666666667,0.91,48.9633333333333,61.8
"562","NIWO_063",-0.366666666666667,-26.7,0.703333333333333,45.5933333333333,72.1666666666667
"563","NIWO_064",0.0666666666666666,-26.1,0.663333333333333,47.87,82.2
"564","NIWO_066",-1.66666666666667,-27.1666666666667,1.16333333333333,48.6766666666667,42.2333333333333
"565","NIWO_067",-1.66666666666667,-26.0333333333333,0.726666666666667,46.7766666666667,75.0666666666667
"566","NIWO_068",-2.7,-26.1333333333333,0.963333333333333,47.2233333333333,51.9333333333333
"567","NIWO_069",-0.266666666666667,-26.2,2.32666666666667,47.96,21.5333333333333
"568","NOGP_061",-0.5,-18.4,0.625,48.755,85.55
"569","NOGP_062",-2.76666666666667,-25.0333333333333,0.726666666666667,47.23,68.9
"570","NOGP_064",-1.13333333333333,-26.5333333333333,1.02666666666667,47.5766666666667,47.1666666666667
"571","NOGP_065",-1.4,-27.325,0.9475,46.145,54.475
"572","NOGP_066",-1.43333333333333,-27.1666666666667,1.45,46.96,33.5333333333333
"573","NOGP_067",-2.65,-27,0.79,48.74,61.7
"574","NOGP_068",-0.933333333333333,-26.8333333333333,0.783333333333333,46.3233333333333,61.3666666666667
"575","NOGP_069",-2.66666666666667,-26.4666666666667,0.973333333333333,51.1566666666667,59.9333333333333
"576","NOGP_070",-0.4,-26.7666666666667,1.12666666666667,46.68,46.1666666666667
"577","NOGP_071",-0.8,-26.9,1.15,46.3966666666667,40.3333333333333
"578","NOGP_072",-1.5,-26.6,0.9375,49.2525,53.225
"579","NOGP_073",-1.3,-26.0666666666667,0.713333333333333,47.8033333333333,69.6
"580","NOGP_074",2.3,-26.5666666666667,1.54,45.04,30.4
"581","NOGP_075",-0.325,-27.825,1.42,45.125,32.65
"582","NOGP_076",-2.33333333333333,-26,0.74,47.5333333333333,72.0333333333333
"583","NOGP_077",-1.4,-27.2333333333333,0.816666666666667,49.6633333333333,62.7
"584","NOGP_078",-1.73333333333333,-26.8,0.99,48.5066666666667,53.7333333333333
"585","NOGP_079",0.6,-27.225,1.27,46.54,38.175
"586","NOGP_080",-2.73333333333333,-26.2333333333333,0.786666666666667,48.2733333333333,71.1333333333333
"587","NOGP_081",-4.7,-24.6666666666667,0.746666666666667,49.6,67.3333333333333
"588","NOGP_082",-0.45,-26.75,1.22,46.745,38.45
"589","NOGP_083",-3.8,-26.1666666666667,0.84,47.15,56.5333333333333
"590","NOGP_084",-2.46666666666667,-26.8,1.66666666666667,46.67,28.3
"591","NOGP_085",-1.325,-26.5,1.3475,43.1175,32.65
"592","NOGP_086",-2.26666666666667,-26.7,1.10666666666667,45.14,43.2666666666667
"593","NOGP_087",-2.03333333333333,-26.8,0.96,47.62,52.4
"594","NOGP_088",0.1,-25.8666666666667,1.15666666666667,45.98,40.1
"595","NOGP_089",-1.73333333333333,-26.7333333333333,1.04,48.8766666666667,47.4333333333333
"596","NOGP_090",-0.225,-26.125,1.01,46.11,45.825
"597","NOGP_091",1.56666666666667,-27.1333333333333,1.44,46.8733333333333,33.0666666666667
"598","OAES_042",NA,NA,NA,NA,NA
"599","OAES_043",-2.23333333333333,-18.7,1.23,45.4366666666667,40.2333333333333
"600","OAES_044",-2.525,-22.2,0.7525,41.81,55.45
"601","OAES_045",-2.2,-22.525,1.4575,41.9075,29.225
"602","OAES_046",-0.66,-24.36,1.446,45.068,32.42
"603","OAES_047",NA,NA,NA,NA,NA
"604","OAES_048",-4.3,-17.1,0.82,48.6375,61.325
"605","OAES_049",-1.7,-25.02,1.334,37.508,29.26
"606","OAES_050",-3.45,-16.575,1.03,46.9025,53.175
"607","OAES_051",-1,-19.3333333333333,1.97666666666667,44.2566666666667,31.3333333333333
"608","OAES_052",-3.83333333333333,-19.4333333333333,0.866666666666667,44.28,51.2666666666667
"609","OAES_053",-2.675,-27.275,1.565,42.695,27.5
"610","OAES_054",-1.525,-20.375,1.125,43.8275,51.675
"611","OAES_055",-4.3,-18.76,0.74,43.872,60.02
"612","OAES_056",-3.1,-20.025,0.745,40.095,55.225
"613","OAES_057",-3.06,-22.04,0.7,43.06,64.84
"614","OAES_058",-2.83333333333333,-19.1333333333333,0.706666666666667,41.7233333333333,63.6666666666667
"615","OAES_059",-2.5,-20.65,1.58,46.4075,32.75
"616","OAES_060",-3.4,-24.75,0.905,43.4425,50.05
"617","OAES_061",0.4,-22.275,1.4,44.2325,31.85
"618","OAES_062",NA,NA,NA,NA,NA
"619","OAES_063",-2.8,-17.24,1.108,47.098,46.46
"620","OAES_064",-1.275,-22.625,1.235,41.08,34.925
"621","OAES_065",-3.875,-13.95,0.58,46.0575,79.725
"622","OAES_066",-2.775,-20.7,1.1975,45.4675,40.3
"623","OAES_067",-3,-13.4,0.7725,43.355,57.325
"624","OAES_068",-1.8,-23.2,2.14,44.15,22.1333333333333
"625","OAES_069",NA,NA,NA,NA,NA
"626","OAES_070",-0.933333333333333,-19.6666666666667,0.856666666666667,41.5633333333333,48.8666666666667
"627","OAES_071",-1.75,-15.425,0.7775,42.135,54.55
"628","ONAQ_041",2.74,-26.12,0.914,42.194,51.6
"629","ONAQ_042",2.45,-25.7,1.0325,44.6025,46.975
"630","ONAQ_043",2.58333333333333,-25.9,1.10333333333333,42.7733333333333,45.4666666666667
"631","ONAQ_044",3.875,-25.975,0.9675,41.3025,48.325
"632","ONAQ_045",3.825,-26.175,1.38,43.115,30.95
"633","ONAQ_046",3.2,-26.1,0.891428571428571,39.0542857142857,47.0714285714286
"634","ONAQ_047",3.22857142857143,-26.0142857142857,0.825714285714286,42.3942857142857,58.9571428571429
"635","ONAQ_048",3.7,-26.95,1.155,33.52,28.9
"636","ONAQ_049",5.975,-26.35,1.855,42.935,24.6
"637","ONAQ_050",3.24,-25.54,0.966,40.586,47.48
"638","ONAQ_051",3.6,-25.3666666666667,0.881666666666667,40.7816666666667,57.4166666666667
"639","ONAQ_052",2.48,-25.02,1.314,44.226,34.56
"640","ONAQ_053",3.27142857142857,-26.2428571428571,0.971428571428571,43.7428571428571,55.7714285714286
"641","ONAQ_054",4.66666666666667,-26.9,1.32666666666667,39.3166666666667,29.5333333333333
"642","ONAQ_055",4.04,-25.74,0.94,37.212,47.2
"643","ONAQ_056",4.65,-25.5,1.605,39.535,25.775
"644","ONAQ_057",2.11666666666667,-26.25,1.02833333333333,44.1466666666667,45.4333333333333
"645","ONAQ_058",1.7,-25.8333333333333,1.00666666666667,43.82,53.1666666666667
"646","ONAQ_059",2.3,-26.6666666666667,0.806666666666667,42.2316666666667,58.2666666666667
"647","ONAQ_060",5.18333333333333,-26.3166666666667,0.988333333333333,38.2,40.1833333333333
"648","ONAQ_061",3.34,-26.36,0.968,40.606,44.3
"649","ONAQ_062",2.86666666666667,-26.45,0.928333333333333,38.8883333333333,42.5833333333333
"650","ONAQ_063",5.4,-26.3,1.09,28.91,27.95
"651","ONAQ_064",3.275,-26.65,1.0675,42.8875,42.45
"652","ONAQ_065",2.92,-27.02,1.12,43.174,41.72
"653","ONAQ_066",3.22857142857143,-25.5285714285714,0.847142857142857,42.0842857142857,56.0571428571429
"654","ONAQ_067",4,-24.54,0.924,40.26,47.94
"655","ONAQ_068",4.175,-26.725,1.4775,41.6575,28.025
"656","ONAQ_069",3.36666666666667,-26.6,0.933333333333333,36.4966666666667,44.4333333333333
"657","ONAQ_070",3.74,-23.38,1.308,42.094,49.2
"658","ORNL_036",0.18,-29.1733333333333,0.73,49.5726666666667,74.1066666666667
"659","ORNL_037",-1.04666666666667,-28.7,0.714666666666667,49.3153333333333,74.3133333333333
"660","ORNL_043",-0.464705882352941,-28.9470588235294,0.635882352941176,49.9011764705882,87.5352941176471
"661","ORNL_045",-1.36875,-28.83125,0.68625,48.916875,79.54375
"662","ORNL_046",-1.38571428571429,-28.8142857142857,0.65,49.7514285714286,82.9928571428571
"663","ORNL_049",-0.677777777777778,-28.95,0.87,46.6422222222222,60.1166666666667
"664","ORNL_050",-0.542857142857143,-29.0428571428571,0.812857142857143,46.9771428571429,64.5785714285714
"665","ORNL_051",-0.376923076923077,-28.8615384615385,0.716923076923077,48.0730769230769,75.3153846153846
"666","ORNL_052",-1.03333333333333,-28.7166666666667,0.621666666666667,49.7288888888889,93.9833333333333
"667","ORNL_053",-1.16428571428571,-28.8857142857143,0.785714285714286,48.165,70.8571428571429
"668","ORNL_054",-0.533333333333333,-29.12,0.755333333333333,48.7586666666667,73.68
"669","ORNL_055",-0.3,-28.7785714285714,1.04642857142857,48.9764285714286,52.8571428571429
"670","ORNL_056",-0.207692307692308,-28.9,0.876153846153846,47.6084615384615,57.8923076923077
"671","ORNL_057",-0.96,-28.7933333333333,0.754666666666667,49.9573333333333,72.8133333333333
"672","ORNL_058",-1.22,-29.2866666666667,0.66,49.894,83.76
"673","ORNL_059",-0.946666666666667,-29,0.692,45.56,71.1933333333333
"674","ORNL_060",-0.233333333333333,-28.8466666666667,0.781333333333333,48.666,67.34
"675","ORNL_061",-1.27333333333333,-28.5666666666667,0.744666666666667,47.6993333333333,71.1533333333333
"676","ORNL_062",-1.47857142857143,-28.6071428571429,0.631428571428571,50.4807142857143,92.3142857142857
"677","ORNL_063",-0.38125,-28.85,0.95,48.335,55.075
"678","OSBS_025",-0.35,-27.2666666666667,0.503333333333333,43.1183333333333,102.583333333333
"679","OSBS_026",-0.114285714285714,-26.6571428571429,0.662857142857143,46.9785714285714,75.4857142857143
"680","OSBS_027",-0.733333333333333,-27.4666666666667,0.461666666666667,47.4516666666667,113.233333333333
"681","OSBS_028",-1.21428571428571,-26.5285714285714,0.55,50.4571428571429,111.157142857143
"682","OSBS_029",-0.666666666666667,-28.1166666666667,0.536666666666667,52.98,109.833333333333
"683","OSBS_030",0.3,-27.6833333333333,0.586666666666667,49.8983333333333,105.85
"684","OSBS_031",0.857142857142857,-27.0142857142857,0.662857142857143,51.3014285714286,84.7714285714286
"685","OSBS_032",-1.1,-27.7166666666667,0.505,48.6266666666667,117.033333333333
"686","OSBS_033",0.142857142857143,-27.4285714285714,0.524285714285714,42.5942857142857,87.6714285714286
"687","OSBS_034",-0.15,-27.7833333333333,0.568333333333333,47.605,90.7833333333333
"688","OSBS_035",-0.466666666666667,-26.5,0.521666666666667,47.88,115.183333333333
"689","OSBS_036",0.414285714285714,-27.5714285714286,0.525714285714286,45.32,94.2714285714286
"690","OSBS_037",0.0666666666666667,-26.3166666666667,0.596666666666667,45.9883333333333,90.8833333333333
"691","OSBS_038",0.7,-27.0428571428571,0.585714285714286,45.9357142857143,83.0714285714286
"692","OSBS_039",-0.78,-26.6,0.478,46.908,110.02
"693","OSBS_040",-0.171428571428571,-27.0571428571429,0.574285714285714,46.44,88.8
"694","OSBS_041",-1.28333333333333,-26.8166666666667,0.571666666666667,49.415,105.35
"695","OSBS_042",-0.266666666666667,-26.75,0.551666666666667,47.85,114.566666666667
"696","OSBS_043",-1.35714285714286,-27.8142857142857,0.498571428571429,46.1671428571429,101.014285714286
"697","OSBS_044",0.133333333333333,-27.25,0.623333333333333,45.1033333333333,77.35
"698","PUUM_031",NA,NA,NA,NA,NA
"699","PUUM_032",NA,NA,NA,NA,NA
"700","PUUM_033",NA,NA,NA,NA,NA
"701","PUUM_034",NA,NA,NA,NA,NA
"702","PUUM_035",NA,NA,NA,NA,NA
"703","PUUM_036",NA,NA,NA,NA,NA
"704","PUUM_037",NA,NA,NA,NA,NA
"705","PUUM_039",NA,NA,NA,NA,NA
"706","PUUM_040",NA,NA,NA,NA,NA
"707","PUUM_041",NA,NA,NA,NA,NA
"708","PUUM_042",NA,NA,NA,NA,NA
"709","PUUM_044",NA,NA,NA,NA,NA
"710","PUUM_045",NA,NA,NA,NA,NA
"711","PUUM_046",NA,NA,NA,NA,NA
"712","PUUM_047",NA,NA,NA,NA,NA
"713","PUUM_048",NA,NA,NA,NA,NA
"714","PUUM_049",NA,NA,NA,NA,NA
"715","PUUM_050",NA,NA,NA,NA,NA
"716","RMNP_041",1.82,-27.68,0.728,48.862,75.26
"717","RMNP_042",-1.12857142857143,-26.7,0.61,49.3114285714286,97.8857142857143
"718","RMNP_043",-2.24,-26.22,0.672,52.046,88.16
"719","RMNP_045",0.271428571428571,-26.2857142857143,0.847142857142857,49.4785714285714,66.7714285714286
"720","RMNP_046",1.43333333333333,-27.2666666666667,0.915,50.0316666666667,63.95
"721","RMNP_047",-0.1,-27.2,1.13,49.13,57.46
"722","SCBI_045",-0.1,-28.3,1.440625,46.52625,39.56875
"723","SCBI_046",-0.414285714285714,-28.2071428571429,0.997857142857143,45.2778571428571,52.2571428571429
"724","SCBI_047",-0.826666666666667,-29.4066666666667,1.35933333333333,44.7046666666667,36.78
"725","SCBI_048",-0.346666666666667,-29.2666666666667,1.69133333333333,44.7493333333333,30.2066666666667
"726","SCBI_049",-0.785714285714286,-28.3,0.902142857142857,45.5092857142857,57.5714285714286
"727","SCBI_050",0.20625,-27.975,1.66125,46.03,30.8375
"728","SCBI_051",0.214285714285714,-28.45,1.29857142857143,46.1392857142857,41.7214285714286
"729","SCBI_052",-0.314285714285714,-27.4785714285714,1.41142857142857,44.4278571428571,38.6
"730","SCBI_053",-0.558823529411765,-28.5764705882353,1.08352941176471,45.4970588235294,46.9235294117647
"731","SCBI_054",-0.407142857142857,-28.6071428571429,1.70714285714286,42.6921428571429,27.2285714285714
"732","SCBI_055",-1.02666666666667,-29.3666666666667,1.00733333333333,44.6466666666667,50.9533333333333
"733","SCBI_056",-0.213333333333333,-29.2266666666667,1.636,44.9753333333333,31.7666666666667
"734","SCBI_057",-0.257142857142857,-28.55,1.20571428571429,46.8271428571429,44.7642857142857
"735","SCBI_058",0.81875,-28.5875,1.409375,44.7225,34.73125
"736","SCBI_061",-0.171428571428571,-28.3714285714286,1.65785714285714,45.785,31.2428571428571
"737","SCBI_062",-0.533333333333333,-28.8533333333333,1.27266666666667,44.7106666666667,39.4866666666667
"738","SCBI_063",-1.58,-28.8333333333333,1.268,45.9393333333333,44.1933333333333
"739","SCBI_064",-1.4,-30.14,1.22666666666667,45.318,45.9
"740","SCBI_066",-0.533333333333333,-29.4,0.886,46.4333333333333,58.38
"741","SCBI_067",-0.742857142857143,-29.15,1.37428571428571,45.8678571428571,40.7285714285714
"742","SERC_043",-2.78333333333333,-29.0166666666667,1.055,47.4633333333333,53.8666666666667
"743","SERC_044",1.07142857142857,-29.2,1.08714285714286,46.0542857142857,46.3285714285714
"744","SERC_045",-1.4,-28.7714285714286,0.782857142857143,49.8985714285714,72.4571428571429
"745","SERC_047",-0.733333333333333,-28.5166666666667,0.826666666666667,48.3483333333333,65.1833333333333
"746","SERC_048",-1.7,-28.45,0.785,48.9833333333333,68.3166666666667
"747","SERC_049",-0.616666666666667,-28.6666666666667,0.671666666666667,49.2716666666667,82.3166666666667
"748","SERC_050",-1.9,-28.7714285714286,0.712857142857143,47.08,75.2285714285714
"749","SERC_051",-1.55714285714286,-28.5,0.617142857142857,45.2414285714286,77.9
"750","SERC_052",-1.5,-28.9833333333333,0.945,45.46,55.3666666666667
"751","SERC_053",-3.1,-29.0833333333333,0.98,47.9583333333333,59.3333333333333
"752","SERC_054",-4.33333333333333,-28.7166666666667,0.86,46.0433333333333,59.8166666666667
"753","SERC_055",-1.51428571428571,-28.0571428571429,1.08714285714286,49.0171428571429,47.2428571428571
"754","SERC_056",-2.9,-29.0285714285714,0.934285714285714,47.8971428571429,60.2714285714286
"755","SERC_057",-1.71666666666667,-29.0833333333333,0.69,47.26,77.0166666666667
"756","SERC_058",-2.28333333333333,-28.3,1.245,47.1483333333333,41.0166666666667
"757","SERC_059",-0.633333333333333,-29.0166666666667,0.941666666666667,45.135,54.55
"758","SERC_060",-1.31428571428571,-28.7714285714286,1.03857142857143,47.2714285714286,50.8
"759","SERC_061",0.9,-29.5833333333333,1.04833333333333,44.8833333333333,48.45
"760","SERC_062",-0.457142857142857,-28.6571428571429,0.904285714285714,38.6885714285714,47.8714285714286
"761","SERC_067",-2.44285714285714,-28.8714285714286,0.701428571428571,48.5442857142857,78.6857142857143
"762","SJER_045",-1.48571428571429,-29.3571428571429,1.76714285714286,43.1085714285714,25.5857142857143
"763","SJER_046",-1.41666666666667,-29.0833333333333,1.255,41.6333333333333,36.4333333333333
"764","SJER_047",-1.9,-29.8,1.162,42.96,41.64
"765","SJER_048",0.5625,-28.8625,1.26875,42.465,42.125
"766","SJER_049",-0.52,-30.38,1.104,40.206,47.56
"767","SJER_050",-2.1,-30.4166666666667,0.686666666666667,38.505,88.85
"768","SJER_051",0,-30.7,1.24,37.35,30.1
"769","SJER_052",-1.16,-29.96,0.662,40.354,81.82
"770","SJER_053",-0.85,-29.5,1.135,41.3275,41.1
"771","SJER_054",-0.6,-29.2,1.0275,41.3475,44.5
"772","SJER_055",-1.8875,-28.6625,1.0175,43.15,49.3375
"773","SJER_056",-1.025,-30.3,1.1125,37.3625,44.975
"774","SJER_057",-0.716666666666667,-29.1833333333333,1.31166666666667,40.4733333333333,33.0833333333333
"775","SJER_058",-1.475,-27.2,1.3175,41.8975,35.675
"776","SJER_059",-1.66666666666667,-27.2166666666667,1.21833333333333,43.0783333333333,43.5
"777","SJER_060",0.45,-28.95,0.915,41.7325,61.775
"778","SJER_061",0.525,-30.1,1.22,39.635,32.725
"779","SJER_062",0.366666666666667,-29.5,1.28333333333333,34.5566666666667,27.0333333333333
"780","SJER_063",-0.22,-29.62,1.386,39.098,29.46
"781","SJER_064",-1.94444444444444,-29.5555555555556,1.19333333333333,39.9377777777778,47.2111111111111
"782","SOAP_031",NA,NA,NA,NA,NA
"783","SOAP_043",NA,NA,NA,NA,NA
"784","SOAP_044",NA,NA,NA,NA,NA
"785","SOAP_045",-3.28888888888889,-28.1111111111111,1.01444444444444,48.7466666666667,50.8333333333333
"786","SOAP_046",-2.0125,-27.3125,0.80375,48.73375,68.65
"787","SOAP_047",-2.2375,-28.3875,0.875,49.09125,58.6875
"788","SOAP_048",NA,NA,NA,NA,NA
"789","SOAP_049",-3.27777777777778,-28.4444444444444,0.962222222222222,49.9044444444444,52.5111111111111
"790","SOAP_050",-3.34285714285714,-26.7857142857143,0.932857142857143,46.0042857142857,54.3142857142857
"791","SOAP_051",-2.3125,-26.9875,1.09,47.0625,46.5625
"792","SOAP_052",-2.2,-27.3444444444444,0.871111111111111,46.2488888888889,58.7888888888889
"793","SOAP_053",NA,NA,NA,NA,NA
"794","SOAP_054",NA,NA,NA,NA,NA
"795","SOAP_055",-2.425,-27.5875,0.83625,48.715,61.0375
"796","SOAP_056",NA,NA,NA,NA,NA
"797","SOAP_057",-2.86666666666667,-27.3777777777778,0.972222222222222,48.0411111111111,55.0333333333333
"798","SOAP_058",-2.675,-27.925,0.96875,47.8675,52.4375
"799","SOAP_059",-3.28571428571429,-28.0142857142857,0.882857142857143,50.0242857142857,59.3714285714286
"800","SOAP_060",-3.0375,-27.6875,1.04375,48.0675,46.825
"801","SOAP_061",NA,NA,NA,NA,NA
"802","SRER_042",-0.816666666666667,-22.05,1.82166666666667,46.1216666666667,27.2333333333333
"803","SRER_043",-1.6,-24.2571428571429,1.56714285714286,43.8071428571429,28.5857142857143
"804","SRER_044",0.5,-20.6285714285714,1.46714285714286,44.29,31.2
"805","SRER_045",-0.2,-20.84,1.756,45.102,26.2
"806","SRER_046",-1.8,-24.0285714285714,1.81,43.1,24.8428571428571
"807","SRER_047",-2.2,-22.325,1.7575,44.6275,25.525
"808","SRER_048",-0.45,-22.4166666666667,1.75333333333333,44.7333333333333,26.0666666666667
"809","SRER_049",0.25,-23.45,1.67666666666667,43.8683333333333,27.8166666666667
"810","SRER_050",0.5,-19.2,1.698,46.402,28.18
"811","SRER_051",0.433333333333333,-20.95,1.19,45.4366666666667,47.6333333333333
"812","SRER_052",-1.61666666666667,-23.4833333333333,1.67833333333333,46.4383333333333,27.7666666666667
"813","SRER_053",0.714285714285714,-17.3142857142857,1.27714285714286,45.13,40.5857142857143
"814","SRER_054",0.0714285714285714,-22.1857142857143,1.74285714285714,48.8185714285714,29.5
"815","SRER_055",-2.18,-21.74,1.82,46.774,26.4
"816","SRER_056",-1.13333333333333,-22.95,1.75666666666667,45.0233333333333,25.7166666666667
"817","SRER_057",-1.3,-22.9,1.818,44.514,25.02
"818","SRER_058",-1.225,-21.675,1.6075,47.9975,31.7
"819","SRER_059",0.516666666666667,-19.4833333333333,1.48333333333333,44.2883333333333,40.8666666666667
"820","STEI_046",-2.56153846153846,-28.6153846153846,0.64,46.86,94.1846153846154
"821","STEI_047",-1.55714285714286,-28.5857142857143,0.692142857142857,48.8142857142857,83.0428571428571
"822","STEI_048",-1.29166666666667,-29.4166666666667,0.974166666666667,46.1316666666667,51.6583333333333
"823","STEI_049",-1.42857142857143,-28.7285714285714,0.818571428571429,47.22,63.6142857142857
"824","STEI_050",-0.790909090909091,-28.8909090909091,0.789090909090909,48.8727272727273,73.1818181818182
"825","STEI_051",-1.8,-28.5833333333333,0.660833333333333,48.0233333333333,84.075
"826","STEI_052",0.590909090909091,-28.0363636363636,0.897272727272727,46.4727272727273,64.2909090909091
"827","STEI_053",-1.2,-28.2818181818182,0.742727272727273,47.9827272727273,69.9727272727273
"828","STEI_054",-1.96428571428571,-29.0714285714286,0.847142857142857,47.9278571428571,65.0642857142857
"829","STEI_055",-1.13636363636364,-28.1,0.767272727272727,47.7536363636364,66.7
"830","STEI_056",-0.281818181818182,-29.3909090909091,0.705454545454545,48.0481818181818,73.9636363636364
"831","STEI_057",-0.0846153846153846,-28.0846153846154,0.834615384615385,46.6515384615385,61.6769230769231
"832","STEI_058",-0.8,-28.9636363636364,0.656363636363636,48.4009090909091,87.9727272727273
"833","STEI_059",-1.2875,-28.86875,0.7475,49.02875,74.69375
"834","STEI_060",-2.01428571428571,-28.5928571428571,0.770714285714286,49.2921428571429,74.2142857142857
"835","STEI_061",-2.06363636363636,-28.2272727272727,0.789090909090909,47.6327272727273,70.4454545454546
"836","STEI_062",-2.64166666666667,-28.5416666666667,0.738333333333333,49.89,81.75
"837","STER_007",1.625,-13.7,0.8375,41.78,59.225
"838","STER_008",1.075,-15.725,1.51,44.5525,29.875
"839","STER_009",0.0666666666666667,-14.0333333333333,1.98,41.1166666666667,21
"840","STER_010",0.75,-13.95,1.1,44.28,40.45
"841","STER_011",0.4,-15.15,1.75,41.64,24.4
"842","STER_012",0.6,-14.5,1.38333333333333,41.3733333333333,31.1666666666667
"843","STER_013",0.175,-14.85,1.7075,43.4175,27
"844","STER_014",-0.633333333333333,-14.7666666666667,1.46666666666667,43.29,30.7666666666667
"845","STER_015",0.733333333333333,-14.6333333333333,1.30666666666667,40.0633333333333,31.8666666666667
"846","STER_016",0.6,-17.7666666666667,1.46666666666667,42.54,29.6333333333333
"847","TALL_042",-0.84375,-29.2,0.66375,46.734375,86.25
"848","TALL_043",-1.36666666666667,-29.1,0.670666666666667,46.6146666666667,85.9733333333333
"849","TALL_044",-1.84666666666667,-29.6933333333333,0.647333333333333,47.2433333333333,84.3
"850","TALL_045",-1.51333333333333,-29.28,0.612,47.1546666666667,101.553333333333
"851","TALL_046",-0.72,-29.42,0.717333333333333,46.666,84.4133333333333
"852","TALL_047",-0.1,-29.25,0.766875,46.771875,68.10625
"853","TALL_048",-1.50625,-29.1375,0.57875,47.491875,162.01875
"854","TALL_049",0.52,-29.6133333333333,0.676,47.8333333333333,85
"855","TALL_050",-2.45294117647059,-28.5411764705882,0.387647058823529,49.3905882352941,148.152941176471
"856","TALL_051",-1.3,-29.8714285714286,0.560714285714286,47.1471428571429,98.15
"857","TALL_052",-1.86428571428571,-27.85,0.445,48.2521428571429,122.785714285714
"858","TALL_053",-1.5625,-29.39375,0.66625,48.065,80.225
"859","TALL_054",-2.28571428571429,-29.0428571428571,0.580714285714286,48.11,96.5571428571428
"860","TALL_055",-0.15625,-29.60625,0.65375,47.986875,82.70625
"861","TALL_056",-3.88571428571429,-27.2928571428571,0.370714285714286,48.2442857142857,137.521428571429
"862","TALL_057",-1.84285714285714,-29.3071428571429,0.657142857142857,45.8092857142857,80.7714285714286
"863","TALL_058",-0.3625,-29.2875,0.80875,48.84375,74.4
"864","TALL_059",-0.673333333333333,-30.0333333333333,1.06,47.5986666666667,56.3466666666667
"865","TALL_060",-0.6,-29.2933333333333,0.73,48.0786666666667,76.4866666666667
"866","TALL_061",-1.32666666666667,-29.2733333333333,0.526,48.7466666666667,106.08
"867","TEAK_043",-3.51666666666667,-27.6166666666667,0.885,48.5516666666667,67.0833333333333
"868","TEAK_044",-1.61428571428571,-28.8714285714286,0.998571428571429,47.0957142857143,62.3
"869","TEAK_045",-2.21666666666667,-25.6333333333333,0.626666666666667,43.855,81.95
"870","TEAK_046",-1.97142857142857,-26.4857142857143,0.811428571428571,47.6114285714286,62.5
"871","TEAK_047",-2.16666666666667,-26.8666666666667,0.653333333333333,48.8116666666667,83.7333333333333
"872","TEAK_048",-1.4,-25.7333333333333,0.726666666666667,46.93,79.2666666666667
"873","TEAK_049",-0.557142857142857,-25.3285714285714,0.797142857142857,46.4785714285714,62.6714285714286
"874","TEAK_050",-2.83333333333333,-26.8333333333333,0.668333333333333,47.9583333333333,89.6666666666667
"875","TEAK_051",-2.66666666666667,-27.75,0.973333333333333,47.1816666666667,55.0833333333333
"876","TEAK_052",NA,NA,NA,NA,NA
"877","TEAK_053",-0.45,-27.5,0.95,48.815,65.5833333333333
"878","TEAK_054",-2.03333333333333,-25.7666666666667,0.635,47.1133333333333,78.9333333333333
"879","TEAK_055",-1.01428571428571,-25.4428571428571,0.652857142857143,48.28,85.2857142857143
"880","TEAK_056",-0.7,-26.4333333333333,0.606666666666667,44.3466666666667,84.35
"881","TEAK_057",-3.38571428571429,-26.9142857142857,0.804285714285714,47.2371428571429,66.7857142857143
"882","TEAK_058",-2.23333333333333,-27.1166666666667,1.24166666666667,46.9933333333333,41.3
"883","TEAK_059",-1.31666666666667,-26.4,0.673333333333333,47.78,87.2833333333333
"884","TEAK_060",-1.42857142857143,-26.3857142857143,0.584285714285714,47.31,92.4571428571429
"885","TEAK_061",-1.51666666666667,-26.9166666666667,0.691666666666667,47.6,78.5666666666667
"886","TEAK_062",-3.625,-26.925,0.6,48.98,102.65
"887","TOOL_041",-0.275,-27.375,0.74,48.5175,71.5625
"888","TOOL_042",-1.54285714285714,-27.6428571428571,0.895714285714286,48.4428571428571,56.6428571428571
"889","TOOL_043",-2.28571428571429,-28.3285714285714,1.00857142857143,50.0028571428571,53.7428571428571
"890","TOOL_044",-1.07142857142857,-27.6714285714286,0.801428571428571,47.24,60.3285714285714
"891","TOOL_045",-1.18571428571429,-27.3714285714286,0.808571428571429,48.8342857142857,65.4714285714286
"892","TOOL_046",-0.8,-27.175,0.86125,48.6325,63.0125
"893","TOOL_047",-0.0857142857142857,-26.7857142857143,0.74,49.1285714285714,69.8571428571429
"894","TOOL_048",-1.8,-27.94,0.802,48.386,64.3
"895","TOOL_049",2.08166817117217e-17,-26.35,0.7825,46.93,61.425
"896","TOOL_050",-2.175,-27.8125,0.78625,50.9325,68.05
"897","TOOL_051",-1.05,-27.475,0.9025,47.8125,54.7
"898","TOOL_052",-1.38571428571429,-27.6857142857143,0.707142857142857,49.0371428571429,73.1571428571429
"899","TOOL_053",-1.71428571428571,-27.4571428571429,0.785714285714286,47.5671428571429,65.2142857142857
"900","TOOL_054",0.14,-27.1,1.028,46.724,47.68
"901","TOOL_055",-1.0875,-27.3,0.965,49.635,56.85
"902","TOOL_056",-2.48,-27.66,0.832,48.644,60.78
"903","TOOL_057",0.425,-27.35,1.2025,46.9625,41.05
"904","TOOL_058",0.825,-26.775,1,47.18,51.075
"905","TOOL_059",-2.25,-27.75,0.8175,49.0325,62.425
"906","TOOL_060",-0.185714285714286,-26.9857142857143,0.717142857142857,48.7385714285714,69.8857142857143
"907","TOOL_061",-0.76,-27.24,0.738,47.15,65
"908","TOOL_062",-0.1625,-27.3375,0.9725,48.34,59.5
"909","TOOL_063",0.38,-27.16,0.808,47.506,61
"910","TOOL_064",-3.28571428571429,-28.2285714285714,0.785714285714286,50.0114285714286,66.0285714285714
"911","TOOL_065",0.375,-26.7,0.7875,47.3425,65.925
"912","TOOL_066",-1.42857142857143,-27.2428571428571,0.697142857142857,48.6485714285714,78.5
"913","TOOL_067",0.557142857142857,-26.4714285714286,0.748571428571429,48.2728571428571,67.1857142857143
"914","TOOL_068",0.1,-27.0857142857143,0.82,49.2557142857143,63.4
"915","TOOL_069",-1.98,-28.38,0.864,51.338,62.32
"916","TOOL_070",-1.15,-28.325,0.835,49.085,61.2
"917","TREE_025",-4.61666666666667,-28.5833333333333,1.04166666666667,49.6333333333333,50.1166666666667
"918","TREE_039",-3.31666666666667,-29.75,1.06333333333333,49.7433333333333,49.4166666666667
"919","TREE_040",-2.38571428571429,-28.6714285714286,1.48857142857143,53.37,39.2857142857143
"920","TREE_041",-1.61666666666667,-27.8833333333333,0.898333333333333,50.4866666666667,61.7333333333333
"921","TREE_042",-0.916666666666667,-27.5166666666667,0.81,49.925,70.9166666666667
"922","TREE_043",-3.3,-28.2333333333333,1.19,48.4183333333333,44.15
"923","TREE_044",-2.65714285714286,-28.7571428571429,0.991428571428571,50.0142857142857,53.0428571428571
"924","TREE_045",-3.65714285714286,-28.4714285714286,0.858571428571429,50.13,69.4571428571429
"925","TREE_046",NA,NA,NA,NA,NA
"926","TREE_047",-2.26666666666667,-28.65,0.765,50.23,74.7833333333333
"927","TREE_048",-1.93333333333333,-28.3833333333333,0.998333333333333,50.4383333333333,58.6333333333333
"928","TREE_049",NA,NA,NA,NA,NA
"929","TREE_050",-0.942857142857143,-28.5142857142857,1.32142857142857,47.8942857142857,44.6857142857143
"930","TREE_051",-2.76666666666667,-28.05,0.911666666666667,50.455,66.7333333333333
"931","TREE_052",-1.04285714285714,-26.8857142857143,1.08571428571429,49.8742857142857,50.4428571428571
"932","TREE_053",NA,NA,NA,NA,NA
"933","TREE_054",-2.16666666666667,-28.3166666666667,0.668333333333333,46.7166666666667,79.1333333333333
"934","TREE_055",-1.97142857142857,-28.5857142857143,0.665714285714286,49.6757142857143,78.1428571428571
"935","TREE_056",-2.74,-28.58,0.722,47.416,71.36
"936","TREE_057",-2.96666666666667,-27.9666666666667,0.68,50.1366666666667,82.2833333333333
"937","UKFS_031",-2.7875,-27.4625,1.95625,43.2825,24.2125
"938","UKFS_032",-2.12222222222222,-28.9111111111111,0.861111111111111,45.0155555555556,58.9777777777778
"939","UKFS_043",-2.55555555555556,-28.7777777777778,1.42888888888889,44.9611111111111,34.8666666666667
"940","UKFS_044",-2.175,-29.125,1.025,44.8325,51.075
"941","UKFS_045",-1.56666666666667,-28.1888888888889,0.981111111111111,44.9233333333333,50.3333333333333
"942","UKFS_046",-3.23333333333333,-26.9333333333333,1.46333333333333,42.9933333333333,33.7777777777778
"943","UKFS_047",-2.9375,-27.5125,1.65375,42.5525,28.55
"944","UKFS_048",-0.825,-28.3875,1.265,41.02,34.4375
"945","UKFS_049",0.411111111111111,-27.5,1.55444444444444,41.0077777777778,29.0666666666667
"946","UKFS_050",1.12222222222222,-27.4777777777778,1.18777777777778,44.1233333333333,45.7555555555556
"947","UKFS_051",-1.9375,-28.0625,0.57125,47.8625,99.3375
"948","UKFS_052",-1.9125,-28.65,1.3075,42.71,35.7625
"949","UKFS_053",-2.22222222222222,-28.0777777777778,1.19555555555556,43.5777777777778,41.8444444444444
"950","UKFS_054",-3.41111111111111,-27.2,1.32555555555556,43.5944444444444,38.7444444444444
"951","UKFS_055",-1.1375,-27.5,1.3575,43.64625,37.7625
"952","UKFS_056",-1.925,-27.875,1.56125,44.2425,31.5625
"953","UKFS_057",-3.48888888888889,-27.6111111111111,0.601111111111111,47.2033333333333,95
"954","UKFS_058",-3.31111111111111,-27.4888888888889,1.28,43.5,39.4222222222222
"955","UKFS_059",-0.25,-29.375,1.5225,41.65375,30.625
"956","UKFS_060",-1.61111111111111,-28.5666666666667,1.29333333333333,44.5733333333333,36.2777777777778
"957","UNDE_037",-2.13125,-28.46875,0.639375,47.6125,91.33125
"958","UNDE_038",-0.916666666666667,-28.75,0.885,50.38,59.8666666666667
"959","UNDE_043",-0.283333333333333,-29.7333333333333,0.72,48.7083333333333,72.5166666666667
"960","UNDE_044",-0.971428571428571,-28.8142857142857,0.998571428571429,48.0757142857143,50.1714285714286
"961","UNDE_045",-0.62,-29.5933333333333,0.666666666666667,48.5513333333333,80.9
"962","UNDE_047",0.193333333333333,-27.7666666666667,0.926,47.5586666666667,54.4066666666667
"963","UNDE_048",-1.59285714285714,-28.4928571428571,0.576428571428571,48.0192857142857,95.2
"964","UNDE_049",-0.64,-28.7333333333333,1.13066666666667,47.064,46.3866666666667
"965","UNDE_050",0.26,-29.04,0.746,48.8246666666667,74.88
"966","UNDE_052",-0.464285714285714,-28.7071428571429,0.680714285714286,49.6635714285714,80.6357142857143
"967","UNDE_054",0.570588235294118,-27.9705882352941,0.658235294117647,47.4329411764706,86.2411764705882
"968","UNDE_055",0.5,-28.7357142857143,0.750714285714286,46.8285714285714,69.3571428571429
"969","UNDE_056",-0.664285714285714,-29.5642857142857,0.627142857142857,48.1,86.5642857142857
"970","UNDE_057",-2.9625,-27.78125,0.746875,49.035,72.1375
"971","UNDE_058",-0.65,-28.2428571428571,0.642857142857143,47.1478571428571,79.5714285714286
"972","UNDE_059",0.357142857142857,-26.1714285714286,1.18785714285714,44.2942857142857,41.7214285714286
"973","UNDE_060",-1.43571428571429,-27.8785714285714,0.996428571428571,49.6621428571429,56.2
"974","UNDE_061",0.0142857142857143,-28.65,0.915,48.6607142857143,56.9214285714286
"975","UNDE_065",-1.41428571428571,-29.0142857142857,0.788571428571428,49.5328571428571,67.5142857142857
"976","UNDE_078",-1.55,-27.7666666666667,1.09333333333333,48.9966666666667,52.95
"977","WOOD_042",4.67142857142857,-26.4714285714286,0.88,42.2385714285714,49.1142857142857
"978","WOOD_043",1.46666666666667,-24.9,0.68,39.6833333333333,59.7
"979","WOOD_044",0.175,-23.2,0.9225,39.565,47.55
"980","WOOD_045",-0.9,-25.26,1.184,43.502,42.42
"981","WOOD_046",0.433333333333333,-26.7,1.02333333333333,43.5933333333333,43.5333333333333
"982","WOOD_047",1.62,-26.34,0.832,39.97,48.98
"983","WOOD_048",-0.3,-27.1,0.826666666666667,40.46,50.8666666666667
"984","WOOD_049",0.075,-18.3,0.7525,34.7525,48.35
"985","WOOD_050",0.666666666666667,-26.6666666666667,0.776666666666667,38.52,49.8333333333333
"986","WOOD_051",4.08571428571429,-27.4,0.92,42.56,50.4
"987","WOOD_052",2.35,-26.05,0.825,39.5675,49.2
"988","WOOD_053",2.025,-26.725,1.3875,43.23,33.25
"989","WOOD_054",0.4,-26.8833333333333,0.833333333333333,43.4383333333333,62.5833333333333
"990","WOOD_055",-0.266666666666667,-26.3,1.21,38.0533333333333,33.7
"991","WOOD_056",2.34285714285714,-22.3285714285714,0.905714285714286,42.89,72
"992","WOOD_057",-0.366666666666667,-26.2333333333333,1.415,44.7033333333333,52.9166666666667
"993","WOOD_058",2.025,-20.475,1.2,40.6425,35.475
"994","WOOD_059",-0.8,-24.975,0.8175,43.33,61.825
"995","WOOD_060",0.55,-27.15,1.095,40.555,40.85
"996","WOOD_061",0.266666666666667,-26.0833333333333,0.995,44.715,48.9333333333333
"997","WOOD_062",2.33333333333333,-26.75,0.658333333333333,41.9633333333333,79.2166666666667
"998","WOOD_063",-0.28,-26.56,0.902,41.506,54.78
"999","WOOD_064",-0.275,-25.275,0.895,40.3925,47.75
"1000","WOOD_065",0.025,-27.175,1.1175,40.1075,43.65
"1001","WOOD_066",1.06,-26.96,0.982,41.848,43.3
"1002","WOOD_067",2.06,-27.14,1.022,43.966,47.34
"1003","WOOD_068",-0.925,-26.2,1.205,40.185,36.9
"1004","WOOD_069",-0.133333333333333,-26.7,0.913333333333333,43.92,57.8666666666667
"1005","WOOD_070",1.35,-26.8,1.0275,42.5975,42.2
"1006","WOOD_071",-0.4,-26.45,1.3425,43.53,35.4
"1007","WREF_070",-1.93333333333333,-29.4666666666667,0.566666666666667,47.51,88.25
"1008","WREF_071",-2.57142857142857,-28.5428571428571,0.608571428571429,47.8142857142857,86.1857142857143
"1009","WREF_072",-2.65,-28.6666666666667,0.645,48.6183333333333,87.1333333333333
"1010","WREF_073",NA,NA,NA,NA,NA
"1011","WREF_074",-2.56666666666667,-28.75,0.661666666666667,48.4166666666667,81.6666666666667
"1012","WREF_075",-2.75714285714286,-28.9,0.491428571428571,47.8814285714286,105.128571428571
"1013","WREF_076",-3.75,-29.1833333333333,0.673333333333333,48.0683333333333,80.1833333333333
"1014","WREF_077",NA,NA,NA,NA,NA
"1015","WREF_078",NA,NA,NA,NA,NA
"1016","WREF_079",-3.7625,-28.875,0.49125,48.9,112.575
"1017","WREF_080",-2.14285714285714,-28.6428571428571,0.555714285714286,44.7414285714286,86.5571428571428
"1018","WREF_081",-2.26666666666667,-28.9666666666667,0.651666666666667,50.1583333333333,82.4333333333333
"1019","WREF_082",NA,NA,NA,NA,NA
"1020","WREF_083",NA,NA,NA,NA,NA
"1021","WREF_084",NA,NA,NA,NA,NA
"1022","WREF_085",NA,NA,NA,NA,NA
"1023","WREF_086",NA,NA,NA,NA,NA
"1024","WREF_087",NA,NA,NA,NA,NA
"1025","WREF_088",-3.48333333333333,-28.7666666666667,0.561666666666667,49.2633333333333,94.85
"1026","WREF_089",-3.25,-29.0166666666667,0.658333333333333,46.9016666666667,78.9
"1027","YELL_043",0.116666666666667,-28.45,1.29833333333333,49.23,39.4666666666667
"1028","YELL_044",-2.17142857142857,-26.2142857142857,0.824285714285714,50.5414285714286,72.0285714285714
"1029","YELL_045",-1.38571428571429,-26.2714285714286,1.10285714285714,48.21,49.7
"1030","YELL_046",-1.05,-26.7166666666667,0.876666666666667,49.2366666666667,59.6333333333333
"1031","YELL_047",-1.3,-27.1857142857143,0.827142857142857,49.47,67.6714285714286
"1032","YELL_048",-1.61666666666667,-26.6333333333333,0.971666666666667,50.29,58.7666666666667
"1033","YELL_049",0.642857142857143,-28.5857142857143,0.955714285714286,46.37,51.0428571428571
"1034","YELL_050",-1.5,-27.8833333333333,0.906666666666667,49.6433333333333,60.65
"1035","YELL_051",-0.628571428571429,-28.3571428571429,1.24428571428571,46.9471428571429,40.7428571428571
"1036","YELL_052",-1.28333333333333,-27.1833333333333,1.10833333333333,50.295,49.1166666666667
"1037","YELL_053",0.35,-27.35,1.0975,48.1475,45.575
"1038","YELL_054",-1.8,-28.7833333333333,0.74,50.1966666666667,71.5833333333333
"1039","YELL_055",-1.46666666666667,-26.1666666666667,0.995,49.3,55.35
"1040","YELL_056",-1.84285714285714,-28.1142857142857,1,46.7957142857143,55.3571428571429
"1041","YELL_057",-0.4,-27.4833333333333,1.09666666666667,49.1816666666667,46.2
"1042","YELL_058",-1.8,-26.7166666666667,1.12166666666667,49.1883333333333,48.5666666666667
"1043","YELL_059",-0.866666666666667,-26.8833333333333,0.951666666666667,48.9666666666667,55.4333333333333
"1044","YELL_060",0.285714285714286,-27.4857142857143,0.86,49.0957142857143,63.2142857142857
"1045","YELL_061",-0.266666666666667,-28.1166666666667,0.771666666666667,48.0883333333333,65.4166666666667
"1046","YELL_062",-1.75,-26.5666666666667,1.33833333333333,49.5633333333333,41.4166666666667
